{
  "majorCard": {
    "type": "permits",
    "title": "\ud83d\udccb Active Permits",
    "permits": [
      {
        "WO": 26312,
        "Customer": "Sun Valley Wellness",
        "Jobsite": "Sun Valley Wellness",
        "Jurisdiction": "Scottsdale",
        "FeeDue": "$545.00",
        "Status": "Ready To Issue"
      },
      {
        "WO": 26036,
        "Customer": "Switch Electric",
        "Jobsite": "Switch Electric",
        "Jurisdiction": "Tempe",
        "FeeDue": "$356.00",
        "Status": "Ready To Issue"
      },
      {
        "WO": 25674,
        "Customer": "Printing Solutions",
        "Jobsite": "Ten Figures",
        "Jurisdiction": "Phoenix",
        "FeeDue": "$225.00",
        "Status": "Ready To Issue"
      },
      {
        "WO": 26335,
        "Customer": "U-Haul",
        "Jobsite": "U-Haul (Grand/Bell Rd)",
        "Jurisdiction": "Surprise",
        "FeeDue": "$154.00",
        "Status": "Ready To Issue"
      },
      {
        "WO": 26513,
        "Customer": "Penchetta Pen & Knife",
        "Jobsite": "Penchetta Pen & Knife",
        "Jurisdiction": "Phoenix",
        "FeeDue": "$225.00",
        "Status": "Ready To Issue"
      },
      {
        "WO": 26216,
        "Customer": "Walton Signage",
        "Jobsite": "Bank Of America",
        "Jurisdiction": "Avondale",
        "FeeDue": "$440.00",
        "Status": "Ready To Issue"
      },
      {
        "WO": 26630,
        "Customer": "Signtech",
        "Jobsite": "Williams Sonoma",
        "Jurisdiction": "Scottsdale",
        "FeeDue": "$620.00",
        "Status": "Ready To Issue"
      },
      {
        "WO": 26585,
        "Customer": "NRS",
        "Jobsite": "NRS",
        "Jurisdiction": "Casa Grande",
        "FeeDue": "$254.77",
        "Status": "Ready To Issue"
      },
      {
        "WO": 26606,
        "Customer": "Allen Industries, Inc",
        "Jobsite": "Verizon BeMobile",
        "Jurisdiction": "Goodyear",
        "FeeDue": "$388.00",
        "Status": "Ready To Issue"
      },
      {
        "WO": 24741,
        "Customer": "Arizona Partners",
        "Jobsite": "Arrowhead Marketplace",
        "Jurisdiction": "Glendale",
        "FeeDue": "$844.93",
        "Status": "Ready To Issue"
      },
      {
        "WO": 26124,
        "Customer": "Jas Diesel",
        "Jobsite": "Jas Diesel",
        "Jurisdiction": "Phoenix",
        "FeeDue": "$600.00",
        "Status": "Ready To Issue"
      },
      {
        "WO": 26111,
        "Customer": "Identity Sign Builders",
        "Jobsite": "Ferguson",
        "Jurisdiction": "Scottsdale",
        "FeeDue": "$570.00",
        "Status": "Ready To Issue"
      },
      {
        "WO": 26927,
        "Customer": "Omaha Neon Sign",
        "Jobsite": "Blue Sushi Sake Grill",
        "Jurisdiction": "Tempe",
        "FeeDue": "$368.00",
        "Status": "Ready To Issue"
      },
      {
        "WO": 26694,
        "Customer": "Gudeng Inc",
        "Jobsite": "Gudeng Inc",
        "Jurisdiction": "Glendale",
        "FeeDue": "$200.11",
        "Status": "Ready To Issue"
      },
      {
        "WO": 26836,
        "Customer": "Yaho",
        "Jobsite": "Yaho",
        "Jurisdiction": "Glendale",
        "FeeDue": "$200.11",
        "Status": "Ready To Issue"
      },
      {
        "WO": 26877,
        "Customer": "Identity Sign Builders",
        "Jobsite": "Ferguson",
        "Jurisdiction": "Glendale",
        "FeeDue": "$400.22",
        "Status": "Ready To Issue"
      },
      {
        "WO": 26337,
        "Customer": "U-Haul",
        "Jobsite": "U-Haul # 00000",
        "Jurisdiction": "Queen Creek",
        "FeeDue": "$664.60",
        "Status": "Ready To Issue"
      },
      {
        "WO": 26916,
        "Customer": "Adobe ENT & Allergy",
        "Jobsite": "Adobe ENT & Allergy",
        "Jurisdiction": "Surprise",
        "FeeDue": "$154.00",
        "Status": "Ready To Issue"
      },
      {
        "WO": 26545,
        "Customer": "Walton Signage",
        "Jobsite": "Bank Of America",
        "Jurisdiction": "Scottsdale",
        "FeeDue": "$900.00",
        "Status": "Ready To Issue"
      },
      {
        "WO": 25523,
        "Customer": "Printing Solutions",
        "Jobsite": "Roosevelt Lake Marina",
        "Jurisdiction": "Roosevelt Lake",
        "FeeDue": "$699.75",
        "Status": "Ready To Issue"
      },
      {
        "WO": 27051,
        "Customer": "Sign Resource",
        "Jobsite": "Safeway # 209",
        "Jurisdiction": "Queen Creek",
        "FeeDue": "$125.00",
        "Status": "Ready For Review"
      },
      {
        "WO": 27033,
        "Customer": "Federal Heath",
        "Jobsite": "Ross Dress For Less # 2730",
        "Jurisdiction": "Gilbert",
        "FeeDue": "$175.00",
        "Status": "Ready For Review"
      },
      {
        "WO": 27071,
        "Customer": "Pattison Sign Group",
        "Jobsite": "Stotz Equipment",
        "Jurisdiction": "Chandler",
        "FeeDue": "$76.68",
        "Status": "Ready To Issue"
      },
      {
        "WO": 27031,
        "Customer": "Entera Branding",
        "Jobsite": "Mellow Mushroom # 144",
        "Jurisdiction": "Phoenix",
        "FeeDue": "$225.00",
        "Status": "Ready To Issue"
      },
      {
        "WO": 27051,
        "Customer": "Sign Resource",
        "Jobsite": "Safeway # 209",
        "Jurisdiction": "Queen Creek",
        "FeeDue": "$414.60",
        "Status": "Ready To Issue"
      },
      {
        "WO": 26754,
        "Customer": "AWP Safety",
        "Jobsite": "AWP Safety",
        "Jurisdiction": "Chandler",
        "FeeDue": "$132.25",
        "Status": "Ready To Issue"
      }
    ]
  }
}