{
  "artifacts": [
    {
      "meta": {
        "id": "lead_or_sell",
        "title": "Lead or Sell – Not Both",
        "type": "proposal",
        "author": "Steve Skye",
        "version": "1.1",
        "date": "2025-04-21",
        "status": "approved",
        "tags": [
          "leadership",
          "ethics",
          "proposal",
          "compensation"
        ]
      },
      "content": {
        "sections": [
          {
            "title": "Purpose",
            "content": "To eliminate structural conflicts of interest by ending the practice of allowing managers to function as commissioned salespeople. This proposal addresses the operational, financial, and cultural consequences of this dual-role arrangement and provides a clear pathway to restore fairness, accountability, and client trust.",
            "icon": "🎯"
          },
          {
            "title": "Executive Summary",
            "content": "Currently, managers are permitted to operate as commissioned salespeople. This has led to a pattern of behavior that prioritizes personal profit over team success and customer satisfaction. These manager-salespeople leverage their internal authority to:\n\n- Prioritize their own jobs in scheduling and production queues\n- Push their material orders and change requests ahead of others\n- Collect commissions on expedited projects while other salespeople’s jobs stall\n\nWorse still, they use deposit funds from other reps’ customers to finance their own projects, leaving those original jobs unfunded, delayed, and exposed.\n\nIn many cases, vendors, subcontractors, permit fees, and sales tax obligations go unpaid—not due to oversight, but because funds are redirected to satisfy internal favoritism. The salesperson who sold the job is left answering for missed deadlines and legal non-compliance, despite following the process.\n\nThis is not just a leadership misstep. It is a system built to benefit those in power at the expense of those doing the work.",
            "icon": "🧠"
          },
          {
            "title": "Observed Impacts",
            "content": "- 🚀 Fast-tracked jobs for managers, bypassing internal approval gates\n- 💰 Misuse of job deposits, depriving original projects of timely funding\n- ⚠️ Unpaid permit fees and unremitted sales tax, exposing the company to liability\n- 😔 Disengaged sales team, demoralized by a visibly rigged system\n- ⏳ Client dissatisfaction, stemming from preventable delays on paid work\n- 📉 Loss of credibility, internally and externally",
            "icon": "📉"
          },
          {
            "title": "Recommendations",
            "content": "1. 🚫 Eliminate Commission for Managers\n   - 👔 Managers should not earn commissions while exercising control over production, scheduling, or resource allocation.\n   - 🔄 If a manager wishes to earn commission, they must step out of leadership and join the sales force on equal footing.\n\n2. 💼 Realign Manager Compensation\n   - Transition to salary + bonus structure, where bonuses are tied to:\n     - Team performance metrics\n     - On-time project delivery\n     - Client satisfaction ratings\n     - Backlog reduction and internal compliance\n\n3. 📑 Enforce Deposit Integrity\n   - Deposits must be applied only to the project they were received for\n   - No cross-allocation without written approval and documentation\n\n4. 📋 Require Financial Compliance Before Scheduling\n   - No job should enter production or installation without:\n     - Permit fees paid\n     - Sales tax properly logged\n     - Job cost allocations verified\n\n5. 🔍 Establish Resource Allocation Transparency\n   - Job queue priorities should be auditable and enforced without exceptions\n   - No individual should be allowed to move their own job ahead of others without process-based justification\n\n6. 🗣️ Center Transparency and Communication in All Leadership Practices\n   - Make internal decisions visible and explainable to team members.\n   - Share not just what decisions are made—but why.\n   - This builds trust, empowers collaboration, and reinforces Habit 5 from *The 7 Habits of Highly Effective People*: Seek First to Understand, Then to Be Understood.\n   - When people understand the reasoning behind actions, resistance drops and alignment increases.",
            "icon": "✅"
          },
          {
            "title": "Conclusion",
            "content": "This proposal is not about punishing individuals. It is about removing a structural flaw that invites abuse.\nIf we want a culture of trust, accountability, and excellence—we must start with leadership integrity.\nManagers cannot lead teams they are also quietly competing against. When the people in charge are\nalso the ones benefiting from systemic loopholes, the organization rots from the inside.\nLeadership must choose: Lead, or sell. Not both.\nLet’s build a system that rewards collaboration, fairness, and real leadership. The rest—morale,\nperformance, retention, and client trust—will follow.",
            "icon": "🔚"
          }
        ]
      }
    },
    {
      "meta": {
        "id": "skyesoft_proposal",
        "title": "Skyesoft – Smart Workflow Proposal",
        "type": "proposal",
        "author": "Steve Skye",
        "version": "v1.1",
        "date": "April 21, 2025",
        "status": "in-review",
        "tags": [
          "workflow",
          "platform",
          "system",
          "process"
        ]
      },
      "content": {
        "sections": [
          {
            "title": "Executive Summary",
            "icon": "file-text",
            "content": "Skyesoft is a lightweight, customizable platform that streamlines daily operations across departments like Sales, Design, Service, and Production. It’s built specifically for the signage industry and tailored for real-world efficiency and clarity.\n\nSkyesoft functions as a modular Operating System for business, connecting teams through integrated dashboards, smart workflows, and continuous improvement tools.\n\nIts foundation is built on real-time technology—leveraging server-sent events (SSE), intelligent CRUD operations, and location-aware actions to create a live, responsive operational environment.\n\n“Wisdom is knowing what to do next.” — David Starr Jordan\nSkyesoft brings that wisdom to the fingertips of every team member, every day."
          },
          {
            "title": "Mission Statement",
            "icon": "target",
            "content": "Skyesoft is your team’s launchpad—an integrated dashboard, smart assistant, and task manager that enhances field and office collaboration from login to wrap-up."
          },
          {
            "title": "Guiding Philosophy – Built on the 7 Habits",
            "icon": "lightbulb",
            "content": "Skyesoft isn’t just software—it’s a philosophy of work, inspired by Stephen Covey’s 7 Habits of Highly Effective People. These habits form the foundation of how Skyesoft helps teams operate with clarity, accountability, and purpose.\n\nFirst published in 1989, The 7 Habits remains one of the most influential books in business history—transforming how individuals, teams, and organizations define effectiveness, responsibility, and growth. It is the quintessential guide to principled leadership and sustainable productivity.\n\nSkyesoft reflects these same principles in its design:",
            "habits": [
              {
                "habit": "1. Be Proactive",
                "example": "Tasks, alerts, and reminders reduce reactivity and keep teams ahead of issues."
              },
              {
                "habit": "2. Begin with the End in Mind",
                "example": "Every job starts with a clear scope, defined roles, and outcome-based tracking."
              },
              {
                "habit": "3. Put First Things First",
                "example": "Prioritized task queues and milestone flags help teams focus on what matters most."
              },
              {
                "habit": "4. Think Win-Win",
                "example": "Shared dashboards promote transparency and trust between departments and clients."
              },
              {
                "habit": "5. Seek First to Understand...",
                "example": "Embedded notes, revision logs, and team chat ensure clarity and reduce miscommunication."
              },
              {
                "habit": "6. Synergize",
                "example": "All modules—Sales, Service, Production, Design—work as one system, eliminating silos."
              },
              {
                "habit": "7. Sharpen the Saw",
                "example": "Built-in proposal → spec → use case loops create continuous improvement and learning at every level of the organization."
              }
            ]
          },
          {
            "title": "The Problem",
            "icon": "alert-circle",
            "content": "Most businesses rely on a variety of software tools—each serving a single department or function—but these tools often don’t communicate with each other.\n\nThis creates disconnected systems, scattered data, and a lack of coordination between the office and the field.\n\nThe result?\n\n- Processes that are harder to track\n- Teams that work in silos\n- Delays, inefficiencies, and miscommunication that cost time and money"
          },
          {
            "title": "The Skyesoft Solution",
            "icon": "layers",
            "content": "Skyesoft is a modular Operating System for business, designed specifically for industries where day-to-day workflows span across departments but the tools don’t.\n\nInstead of relying on disconnected apps, spreadsheets, emails, and siloed platforms, Skyesoft brings everything into a unified system that:\n\n✅ Connects departments through shared dashboards, status syncing, and real-time visibility\n🔗 Replaces fragmented tools with role-based modules that handle sales, service, scheduling, documentation, and reporting—all in one place\n🌐 Coordinates field and office in real time using server-sent events (SSE), geolocation, intelligent CRUD actions, and mobile-friendly design\n💰 Runs on your existing infrastructure with no per-seat licensing or reliance on expensive vendor stacks\n\nSkyesoft runs on modern, open web standards—built with a clean and proven architecture:\nHTML for structure, JavaScript and jQuery for interactivity, CSS for design, PHP for server-side logic, Server-Sent Events (SSE) for real-time updates, and API integrations for AI-powered automation and intelligent data flow.\n\nThe result: fewer handoffs, faster decisions, and a team that’s finally operating on the same page."
          },
          {
            "title": "Skyesoft Modules by Department",
            "icon": "package",
            "departments": {
              "Sales": [
                "Prospect Tracker – Manage leads with assignable follow-ups and conversion tracking",
                "AI Contact Parser – Convert email/text into structured contact records",
                "Photo Uploads – Quickly add jobsite visuals and reference images",
                "Job Folder Creation – Auto-create standardized folders when a prospect converts"
              ],
              "Permitting": [
                "Permit Tracker – Track submittals by status, reviewer, and jurisdiction",
                "Ordinance Reference – Attach relevant sign code docs",
                "AI Ordinance Reader – Auto-scan regulations for sign limits",
                "Auto-Fill Permit Forms – Pre-fill paperwork from job data",
                "Automated Renewal Reminders – Keep expirations in check"
              ],
              "Production": [
                "Material Board – Track usage and vendor-specific components",
                "Cut Sheet Organizer – Store specs, layouts, and artwork",
                "Production Task Scheduler – Assign and update shop-floor tasks",
                "Digital Job Board – Visualize progress in real time"
              ],
              "Design": [
                "Artwork Request System – Structured form for design requests",
                "Revision Log – Track changes and feedback across versions",
                "Design-to-Production Sync – Approved files pass directly to production",
                "Permit Artwork Bundles – Auto-package art with support files",
                "Template Library – Reuse layouts and formats"
              ],
              "Installation": [
                "Site Readiness Checklist – Confirm utilities, access, and conditions",
                "Geo-Tagged Check-In/Out – Location-based crew tracking",
                "Photo-Verified Close-Out – Time-stamped photo uploads",
                "Install Chat Log – In-app messaging stored in order history"
              ],
              "Service": [
                "Night Patrol Module – Log damaged or unlit signs",
                "Service Request Forms – Create structured repair tickets",
                "Before/After Photo Logging – Visual work proof",
                "Repeat Issue Detection – Spot recurring failures",
                "Scan Sites for Maintenance Needs – AI detects service flags from logs or images"
              ],
              "Purchasing": [
                "PO Request Generator – Submit job-tied material and equipment requests",
                "Vendor Tracking – Link vendors to pricing and delivery metrics",
                "Order Status Dashboard – Track open/closed orders in one view",
                "Material Reorder Alerts – Trigger based on stock levels",
                "Documented Approvals – Capture digital sign-off history"
              ],
              "Operations": [
                "Task Engine – Automate recurring assignments",
                "KPI Boards – Visualize daily and weekly performance",
                "Live Dashboard – View job flow across departments",
                "User Actions Log – Timestamped event history",
                "Prompt-Based Data Entry via AI – Log tasks or updates using natural language"
              ],
              "Administration": [
                "Document Center – Centralize SOPs, HR docs, and forms",
                "Change Proposal System – Submit and scope new workflows",
                "AI-Enhanced Reports – Generate summaries and alerts",
                "Audit Trail – Log every key action",
                "License & Renewal Reminders – Track time-sensitive certifications"
              ]
            }
          },
          {
            "title": "Growth Strategy & Continuous Improvement",
            "icon": "refresh-ccw",
            "Meeting Tools": [
              "Scheduler – Plan and notify attendees with automatic reminders",
              "Agenda Builder – Define key topics with 7 Habits alignment",
              "Live Notes & Recaps – Assign note takers or generate AI summaries",
              "Task Assignment – Create role-based follow-ups with deadlines",
              "7 Habits Format – Encourage focused, values-driven discussions"
            ],
            "steps": [
              "Proposal – Capture the issue",
              "Specification – Draft a solution",
              "Use Case – Validate it in real work"
            ],
            "shimkin_mapping": {
              "What is the problem?": "Proposal: 'Problem' field",
              "What is the cause of the problem?": "Proposal: 'Impact / Cause'",
              "What are the possible solutions?": "Proposal: 'Solution Options'",
              "What is the best possible solution?": "Specification → Use Case"
            }
          },
          {
            "title": "Conclusion",
            "icon": "check-circle",
            "content": "Skyesoft is more than software—it’s your organization's operating system.\nIt empowers your people, eliminates guesswork, and ensures that everyone knows what to do next."
          }
        ]
      }
    },
    {
      "meta": {
        "id": "skyesoft_use_case_geo_service",
        "title": "Geo-Tagged Service Completion Workflow",
        "type": "use_case",
        "author": "Steve Skye",
        "version": "1.0",
        "date": "2025-04-21",
        "status": "final",
        "tags": [
          "use case",
          "field operations",
          "geo-tagging",
          "workflow"
        ]
      },
      "content": {
        "sections": [
          {
            "title": "The Call (Narrative Introduction)",
            "content": "It's late afternoon when the phone rings at Christy Signs' front desk. Coast Signs explains that a patch and paint job hasn't been completed, though the customer expects it closed out immediately. Without leadership present, the crew risks leaving the job unfinished.",
            "icon": "📞"
          },
          {
            "title": "Purpose",
            "content": "Demonstrate how Skyesoft streamlines on-site service close-out using geo-tagging, photo verification, and alerting—delivering exceptional service while embodying Covey’s Habit 7: Sharpen the Saw.",
            "icon": "🎯"
          },
          {
            "title": "Actors & Roles",
            "content": "- Receptionist\n- Install Crew\n- Install Manager\n- Account Rep",
            "icon": "🧑‍🤝‍🧑"
          },
          {
            "title": "Preconditions",
            "content": "- Order created and tagged 'Completion Photos Required'\n- Geo-fence set (e.g., 10411 N 35th Ave)\n- Crew equipped with Skyesoft mobile app",
            "icon": "📋"
          },
          {
            "title": "Main Flow",
            "content": "1. Crew Arrival & Geo-Check\n2. Perform Work\n3. Request to Leave Protocol\n4. Photo Verification\n5. Automated Alerts\n6. Manager & Rep Review\n7. Close-Out & Customer Notification",
            "icon": "▶️"
          },
          {
            "title": "Problem-Solving Framework",
            "content": "1. What is the Problem?\nCrews leave jobs incomplete.\n\n2. Cause?\nNo real-time tracking, paper-based workflows.\n\n3. Solutions?\nManual follow-ups, third-party apps, or Skyesoft’s native protocol.\n\n4. Best Solution?\nSkyesoft geo-exit workflow with alerts and media tracking.",
            "icon": "🧩"
          },
          {
            "title": "Features Highlighted",
            "content": "- Real-Time Location Tracking\n- Controlled Exit Protocol\n- Photo-Verified Close-Out\n- In-App Chat & Alerting\n- Automated Customer Notifications",
            "icon": "🛠️"
          },
          {
            "title": "Key Benefits",
            "content": "- Reduces rework 30%\n- Builds trust\n- Enforces complete close-out\n- Empowers field teams\n- Logs all interactions",
            "icon": "💡"
          },
          {
            "title": "Sharpening the Saw - Covey Habit 7",
            "content": "This use case shows continuous improvement via:\n- Streamlining Processes\n- Enhancing Accountability\n- Empowering Teams\n- Renewing Workflows",
            "icon": "🔁"
          }
        ]
      }
    }
  ]
}